[
  {
    "index": 0,
    "value": "This is a J.P.M. report detailing the latest trends in global financial markets."
  },
  {
    "index": 1,
    "value": "To ensure we are allocating our resources effectively, we must consistently track and analyze our marketing campaigns' ROI."
  },
  {
    "index": 2,
    "value": "Thus we'll adjust our strategies based on these insights."
  },
  {
    "index": 3,
    "value": "U.S. market trends will also be compared to ensure global alignment."
  }
]